file_type,file_size,compressed_size,compression_ratio,compression_time_mean,compression_time_std,decompression_time_mean,decompression_time_std,compression_speed,compression_speed_std,decompression_speed,decompression_speed_std,data_entropy
uniform,1,17,17.0,0.001038,0.0001313857763314668,0.001149,0.00011570556502510054,963.3911368015414,121.94209288971565,870.3220191470843,87.64238553455158,-0.0
uniform,2,17,8.5,0.001235,0.0002827346616332863,0.001346,0.00040765453784083185,1619.4331983805669,370.7448561796277,1485.8841010401188,450.0203540078377,-0.0
uniform,4,17,4.25,0.001676,0.0006224360743615899,0.00148,0.00020816659994661328,2386.634844868735,886.3529974789245,2702.702702702703,380.14353532982705,-0.0
uniform,8,18,2.25,0.001465,0.0004942839939414048,0.001393,0.0003994176316143848,5460.750853242321,1842.4312229758007,5743.00071787509,1646.7018988466477,-0.0
uniform,16,19,1.1875,0.001123,0.00012083505745896389,0.001288,0.00032977433361483895,14247.551202137132,1533.0397757433395,12422.360248447205,3180.5710969372217,-0.0
uniform,32,21,0.65625,0.001241,0.0001431743304118754,0.001201,0.00012395787815042478,25785.656728444803,2974.894549819142,26644.462947543714,2750.034214350651,-0.0
uniform,64,25,0.390625,0.00117,0.00011595018087284062,0.001202,0.0002584913495221412,54700.854700854696,5421.003415780407,53244.592346089856,11450.304933691381,-0.0
uniform,128,33,0.2578125,0.001215,0.00012756262078768301,0.001342,0.0003392409828491311,105349.79423868313,11060.655022658082,95380.0298062593,24110.890503468574,-0.0
uniform,256,49,0.19140625,0.001211,0.0001809511904722744,0.001274,0.00021433100050570795,211395.54087530964,31587.34498919705,200941.9152276295,33805.401675251946,-0.0
uniform,512,81,0.158203125,0.001982,0.0008166435370874286,0.002203,0.0007801004208860976,258324.92431886986,106437.62861433109,232410.3495233772,82298.41646912011,-0.0
uniform,1024,145,0.1416015625,0.001679,0.00033418058990112914,0.001965,0.0005075485745774048,609886.8374032162,121389.12632301419,521119.592875318,134602.29340876598,-0.0
uniform,2048,273,0.13330078125,0.001511,0.0003362026505282525,0.001769,0.00050967200782028,1355393.7789543348,301579.7359324631,1157716.2238552854,333553.1669295851,-0.0
uniform,4096,529,0.129150390625,0.002114,0.0005493268608032926,0.002635,0.0007700252521111819,1937559.1296121099,503478.37005230854,1554459.203036053,454259.14220659714,-0.0
uniform,8192,1041,0.1270751953125,0.001861,0.0004727801932305446,0.002149,0.0009883594712676376,4401934.443847394,1118295.2267331332,3812005.583992555,1753202.3375822073,-0.0
uniform,16384,2065,0.12603759765625,0.0017959999999999999,0.000439272125225355,0.001818,0.0007272749747440022,9122494.43207127,2231212.4256862,9012101.210121013,3605212.145204154,-0.0
uniform,32768,4113,0.125518798828125,0.00185,0.00040816663263917093,0.001602,0.00017229174224101524,17712432.43243243,3907904.811780965,20454431.96004994,2199831.2852355232,-0.0
uniform,65536,8209,0.1252593994140625,0.002209,0.00042997286736103096,0.002064,0.0004176441866788842,29667722.951561794,5774701.6322117215,31751937.984496128,6424909.067351384,-0.0
uniform,131072,16401,0.12512969970703125,0.002487,0.00041147566419196934,0.002577,0.0007785891799345218,52702854.84519501,8719719.421889652,50862242.91812185,15367012.80684941,-0.0
uniform,262144,32785,0.12506484985351562,0.004674,0.0013128696304914157,0.0035240000000000002,0.0008017647202681511,56085579.80316645,15753755.762105253,74388195.23269013,16924469.50680772,-0.0
uniform,524288,65553,0.1250324249267578,0.006443,0.0004546561582363338,0.004339,0.000621225491356489,81373273.31988205,5742179.082839165,120831528.00184375,17299752.328716468,-0.0
uniform,1048576,131089,0.1250162124633789,0.009329,0.0005038176477875923,0.0073880000000000005,0.0005316180751044662,112399614.10654946,6070201.435458765,141929615.59285328,10212824.72141168,-0.0
uniform,2097152,262161,0.12500810623168945,0.018612999999999998,0.002254708899663595,0.016392,0.001605516877657922,112671358.72777092,13648585.142679557,127937530.50268424,12530860.450703682,-0.0
uniform,4194304,524305,0.12500405311584473,0.034523,0.0015405197535608265,0.023455,0.0007172671902591265,121493033.62975408,5421383.37417565,178823449.15796205,5468522.401619152,-0.0
uniform,8388608,1048593,0.12500202655792236,0.068162,0.003982212673599663,0.04915,0.0048952244302199474,123068689.29902291,7190013.41289675,170673611.3936928,16998690.378194723,-0.0
uniform,16777216,2097169,0.12500101327896118,0.129608,0.004437684080688935,0.099628,0.009093449168372679,129445836.67674835,4432131.725910947,168398602.80242503,15370419.305906301,-0.0
uniform,33554432,4194321,0.1250005066394806,0.278278,0.011191694142433388,0.200074,0.019094443170723778,120578816.86658664,4849399.659431668,167710107.2603137,16005733.439817512,-0.0
uniform,67108864,8388625,0.1250002533197403,0.53705,0.028980734980327886,0.407458,0.02695592319983784,124958316.73028581,6743103.734751485,164701304.18349868,10896032.7358489,-0.0
uniform,134217728,16777233,0.12500012665987015,1.118449,0.0505881928363175,0.773563,0.053764744551301126,120003440.47873439,5427835.500733394,173505878.6420757,12059133.184162445,-0.0
periodic2b,1,17,17.0,0.001487,0.0005334593601099232,0.001343,0.00020292582114873631,672.4949562878278,241.25671086647978,744.6016381236038,112.508487598605,-0.0
periodic2b,2,19,9.5,0.001304,0.00016063761839757345,0.001384,0.0006188376200587679,1533.7423312883436,188.93919887553807,1445.086705202312,646.1517466950614,1.0
periodic2b,4,19,4.75,0.001679,0.0003016049660658052,0.001414,9.03327183250897e-05,2382.370458606313,427.95399721508863,2828.854314002829,180.72001409443595,1.0
periodic2b,8,20,2.5,0.001663,0.00039496975974257967,0.001233,0.00024513261716874814,4810.583283223091,1142.5345301240495,6488.240064882401,1289.9264135634642,1.0
periodic2b,16,21,1.3125,0.001366,0.0004096936524879155,0.00124,0.00027539870087646466,11713.03074670571,3512.9973267358114,12903.225806451614,2865.751309848748,1.0
periodic2b,32,23,0.71875,0.001444,0.00042048120581596085,0.0011,8.45905169363301e-05,22160.6648199446,6453.007662862637,29090.90909090909,2237.1045801343494,1.0
periodic2b,64,27,0.421875,0.001323,0.00036353358395981337,0.001256,0.0001896312210581369,48374.905517762665,13292.443519720042,50955.41401273885,7693.26224423453,1.0
periodic2b,128,35,0.2734375,0.001281,0.0001986314286422077,0.001279,0.00032322850534361396,99921.93598750976,15493.861746990078,100078.18608287725,25291.729871046507,1.0
periodic2b,256,51,0.19921875,0.00129,0.0002002220989024161,0.001196,0.0001807515175900637,198449.6124031008,30801.54877652697,214046.8227424749,32348.90304852316,1.0
periodic2b,512,83,0.162109375,0.001284,0.0002721192549028622,0.001402,0.0004729998825463796,398753.89408099686,84508.26522347017,365192.5820256776,123206.8818865582,1.0
periodic2b,1024,147,0.1435546875,0.001278,0.00022899781658347748,0.001125,9.095175766428166e-05,801251.9561815336,143571.94718216851,910222.2222222222,73587.83197884398,1.0
periodic2b,2048,275,0.13427734375,0.0013239999999999999,0.0003624668567224074,0.001214,0.00018025907281835592,1546827.7945619337,423469.6439469169,1686985.172981878,250489.60719936335,1.0
periodic2b,4096,531,0.129638671875,0.001331,0.00019609804803833323,0.001197,0.00010111050060865746,3077385.4244928625,453395.39805008855,3421888.053467001,289046.62833152286,1.0
periodic2b,8192,1043,0.1273193359375,0.001241,0.00016742825992711687,0.001309,0.00018465884459968032,6601128.1224818695,890584.5246600286,6258212.375859435,882837.4840226306,1.0
periodic2b,16384,2067,0.12615966796875,0.0013340000000000001,0.00010340857475728667,0.001297,0.0001526106156202772,12281859.070464766,952061.1258220503,12632228.218966847,1486362.471204602,1.0
periodic2b,32768,4115,0.125579833984375,0.0014629999999999999,0.00010739853092312039,0.001412,0.000246432321112489,22397812.71360219,1644218.8525851425,23206798.866855524,4050216.2254602597,1.0
periodic2b,65536,8211,0.1252899169921875,0.001695,0.00013426756040748553,0.001603,0.00022415520416790586,38664306.78466077,3062750.5290991114,40883343.7305053,5716914.6980524575,1.0
periodic2b,131072,16403,0.12514495849609375,0.002267,0.00029166380950981525,0.001872,0.0001785621584895424,57817379.79708867,7438569.584249982,70017094.01709402,6678634.315629024,1.0
periodic2b,262144,32787,0.12507247924804688,0.003425,0.00035113308651342506,0.00269,0.0004294699575575041,76538394.16058394,7846762.796609328,97451301.11524163,15558515.298842518,1.0
periodic2b,524288,65555,0.12503623962402344,0.00546,0.0005743982358375877,0.004417,0.00036218626270040794,96023443.22344323,10101775.894981055,118697758.6597238,9733008.286139993,1.0
periodic2b,1048576,131091,0.12501811981201172,0.009739000000000001,0.0022615061353001014,0.007469,0.0007580743147387771,107667727.69278158,25001666.161931016,140390413.71000135,14249078.413322091,1.0
periodic2b,2097152,262163,0.12500905990600586,0.016838,0.0009374409611039806,0.013082,0.0007543474000750582,124548758.75994775,6934143.491877494,160308209.75386027,9243852.716596207,1.0
periodic2b,4194304,524307,0.12500452995300293,0.033297,0.0017620950283366932,0.02477,0.0010705554114051677,125966423.40150765,6666210.421754258,169329995.9628583,7318415.159113974,1.0
periodic2b,8388608,1048595,0.12500226497650146,0.066035,0.003548271096996078,0.050766,0.0032102897065529783,127032755.35700765,6825874.9784969175,165240672.8913052,10449324.967238799,1.0
periodic2b,16777216,2097171,0.12500113248825073,0.130517,0.008179284198510287,0.103476,0.006289425340292317,128544296.91151345,8055658.163587552,162136302.13769376,9854885.840640366,1.0
periodic2b,33554432,4194323,0.12500056624412537,0.268805,0.01217291004192871,0.197076,0.014500210879692594,124828154.23820241,5652878.079803724,170261381.39600965,12527278.486015087,1.0
periodic2b,67108864,8388627,0.12500028312206268,0.547311,0.04262187582555336,0.39662000000000003,0.021990223080066987,122615595.15522254,9548696.57467549,169201916.19182086,9381241.194677372,1.0
periodic2b,134217728,16777235,0.12500014156103134,1.073773,0.06695660353293521,0.824404,0.05669156613739922,124996370.74130192,7794321.927242662,162805769.98656,11195620.201676935,1.0
periodic4b,1,17,17.0,0.001306,0.00020001111080248632,0.001292,0.000262839198835418,765.6967840735068,117.26482719788179,773.9938080495356,157.45813654126488,-0.0
periodic4b,2,19,9.5,0.001165,0.00016754767149149588,0.001134,9.395034149308164e-05,1716.7381974248926,246.89741419660834,1763.668430335097,146.11750556485856,1.0
periodic4b,4,24,6.0,0.001302,0.00026682495302268034,0.001364,0.0005730658290671713,3072.1966205837175,629.5996305404667,2932.551319648094,1232.0710801144885,2.0
periodic4b,8,25,3.125,0.0011690000000000001,0.00011929887770730375,0.001149,7.264066813202277e-05,6843.455945252352,698.3888912814209,6962.576153176675,440.17944620264797,2.0
periodic4b,16,27,1.6875,0.001394,0.0003265033605408135,0.001276,0.0003105264347308722,11477.761836441894,2688.3269806925227,12539.184952978056,3051.5269575856387,2.0
periodic4b,32,31,0.96875,0.001258,0.000304222141059968,0.001156,9.81155781039212e-05,25437.201907790142,6151.478558793816,27681.66089965398,2349.482839140365,2.0
periodic4b,64,39,0.609375,0.001356,0.00020694604771936734,0.001271,0.00020425746280396004,47197.6401179941,7203.071595943904,50354.05192761605,8092.203688932893,2.0
periodic4b,128,55,0.4296875,0.001267,0.00028253023437029413,0.001198,0.00019065967353142907,101026.045777427,22527.949795580516,106844.74123539231,17004.159835133483,2.0
periodic4b,256,87,0.33984375,0.0012490000000000001,9.938142012804337e-05,0.001275,0.00023372586031027417,204963.97117694153,16308.735412848519,200784.31372549018,36806.65604886132,2.0
periodic4b,512,151,0.294921875,0.001218,0.00017611864687697826,0.001194,0.00010585104838613763,420361.24794745486,60782.80311003589,428810.7202680067,38015.12922913175,2.0
periodic4b,1024,279,0.2724609375,0.001509,0.000393233038060413,0.001312,0.00032710175107381425,678595.096090126,176836.3228949093,780487.8048780487,194587.59730744452,2.0
periodic4b,2048,535,0.26123046875,0.001228,0.00017459795085980945,0.001247,0.00029948288765804294,1667752.4429967427,237122.27938816976,1642341.6198877306,394429.1987529795,2.0
periodic4b,4096,1047,0.255615234375,0.001259,0.0001519100611107331,0.001461,0.0003672555876588764,3253375.6949960287,392550.04022479785,2803559.2060232717,704738.3872310263,2.0
periodic4b,8192,2071,0.2528076171875,0.001286,0.00026386865419497375,0.001295,0.00024708298201211673,6370139.9688958,1307060.8558523692,6325868.725868726,1206961.0105056635,2.0
periodic4b,16384,4119,0.25140380859375,0.001407,0.00015210011322955823,0.001372,0.00013248060654718905,11644633.972992182,1258813.1811008323,11941690.962099126,1153092.173365873,2.0
periodic4b,32768,8215,0.250701904296875,0.00149,0.00022968577569269612,0.001471,7.415449338299663e-05,21991946.30872483,3390092.1120212,22276002.719238613,1122954.2462565564,2.0
periodic4b,65536,16407,0.2503509521484375,0.001892,0.00022982118652939242,0.001939,0.0003111787624858454,34638477.801268496,4207534.919587498,33798865.39453326,5424182.107734154,2.0
periodic4b,131072,32791,0.25017547607421875,0.002322,0.00016731872446189503,0.002629,0.00026375283042188487,56447889.75021534,4067523.2177311406,49856219.09471282,5001794.9411807265,2.0
periodic4b,262144,65559,0.2500877380371094,0.003622,0.0004700307318557894,0.003927,0.0002597883754135276,72375483.15847598,9392242.219048819,66754265.342500634,4416089.163547693,2.0
periodic4b,524288,131095,0.2500438690185547,0.005538,0.00022029273453495684,0.007521,0.0016100962704136672,94671000.3611412,3765860.1572256554,69709879.00545141,14923496.36985312,2.0
periodic4b,1048576,262167,0.25002193450927734,0.010228,0.0007490112000349378,0.012172,0.0004962929242560957,102520140.78998828,7507697.856947585,86146565.8889254,3512482.0160725606,2.0
periodic4b,2097152,524311,0.25001096725463867,0.019191,0.0009257363435545664,0.023555,0.0026824335965686076,109277890.67792195,5271351.9330694135,89032137.55041392,10138942.769668767,2.0
periodic4b,4194304,1048599,0.25000548362731934,0.038263,0.003985844536188869,0.046576,0.002133214580028096,109617750.82978335,11418846.227797214,90052902.78254895,4124488.259824504,2.0
periodic4b,8388608,2097175,0.25000274181365967,0.077746,0.0031892918057497056,0.095641,0.007058700620117307,107897615.31139867,4426169.582648339,87709329.68078543,6473310.607457403,2.0
periodic4b,16777216,4194327,0.25000137090682983,0.15318,0.009228390975679342,0.190586,0.016339058996432104,109526152.2391957,6598447.283751634,88029634.91547123,7546836.58987682,2.0
periodic4b,33554432,8388631,0.2500006854534149,0.313251,0.02203890824579716,0.375859,0.036341364693387314,107116759.40380079,7536245.477548341,89273988.38394184,8631796.949106056,2.0
periodic4b,67108864,16777239,0.25000034272670746,0.623405,0.048647915622814154,0.7981320000000001,0.061357076527487876,107648902.39892206,8400469.551561693,84082412.43303113,6463906.990659801,2.0
periodic4b,134217728,33554455,0.25000017136335373,1.203138,0.07458707078903748,1.5784,0.12648643089280365,111556386.71540588,6915801.938689675,85034039.53370501,6814275.319954329,2.0
periodic8b,1,17,17.0,0.001241,0.0002013537517240077,0.001156,0.00011286176402031726,805.8017727639001,130.74231272511494,865.0519031141869,84.45612781539768,-0.0
periodic8b,2,19,9.5,0.001179,0.00014192721139137952,0.001228,0.00019463926747818498,1696.3528413910094,204.20579161532578,1628.6644951140065,258.1450034989562,1.0
periodic8b,4,24,6.0,0.001311,0.00032001562461854893,0.001137,0.00012329278612762025,3051.106025934401,744.7762018816292,3518.0299032541775,381.48435220095854,2.0
periodic8b,8,36,4.5,0.00123,0.00024331050121192879,0.001163,0.00011585910984179591,6504.065040650406,1286.5913211021418,6878.761822871883,685.2684622628252,3.0
periodic8b,16,39,2.4375,0.001183,0.00010349986580774987,0.0012720000000000001,0.00025947810868913175,13524.93660185968,1183.2875091722751,12578.616352201256,2565.939922166169,3.0
periodic8b,32,45,1.40625,0.00123,0.0002597862369119829,0.0012670000000000001,0.00023494916707898986,26016.260162601626,5494.850671679194,25256.511444356747,4683.501442125172,3.0
periodic8b,64,57,0.890625,0.001191,0.00013971796989332153,0.00112,9.345230512584123e-05,53736.35600335852,6303.8913268296,57142.857142857145,4767.974751318431,3.0
periodic8b,128,81,0.6328125,0.001323,0.0003263621029197817,0.001308,0.0004052105077062484,96749.81103552533,23866.569755589986,97859.32721712539,30316.22910202085,3.0
periodic8b,256,129,0.50390625,0.001305,0.0004498950494899399,0.00119,0.00016384274303259344,196168.58237547893,67628.56251048847,215126.05042016806,29619.195124880953,3.0
periodic8b,512,225,0.439453125,0.00128,0.00024239545283597123,0.001198,0.0002959279191514943,399999.99999999994,75748.57901124099,427378.96494156925,105570.42385999835,3.0
periodic8b,1024,417,0.4072265625,0.001332,0.0004569415231247382,0.001181,8.621033709609434e-05,768768.7687687688,263725.5046035517,867061.8120237087,63293.55723769205,3.0
periodic8b,2048,801,0.39111328125,0.001292,0.00028751038628582146,0.001134,0.00010383747985300014,1585139.3188854489,352743.04790216667,1805996.4726631392,165370.47825815523,3.0
periodic8b,4096,1569,0.383056640625,0.001425,0.0004746285097022958,0.001284,0.00016160308027867397,2874385.9649122804,957379.3170775515,3190031.152647975,401494.43960501684,3.0
periodic8b,8192,3105,0.3790283203125,0.001398,0.00015852094148373239,0.001359,0.0001734262571431058,5859799.713876967,664449.9052574267,6027961.736571008,769247.1244851848,3.0
periodic8b,16384,6177,0.37701416015625,0.0015249999999999999,0.00048440685379131455,0.00151,0.0001132352516764202,10743606.55737705,3412640.4267742643,10850331.125827814,813668.8581494094,3.0
periodic8b,32768,12321,0.376007080078125,0.001509,0.0002577013775671368,0.001789,0.0004308247903730704,21715043.07488403,3708413.859726527,18316377.864728898,4410927.699254205,3.0
periodic8b,65536,24609,0.3755035400390625,0.001921,0.00021517176601238577,0.002287,0.00012454807193297782,34115564.809994794,3821294.288743666,28655881.06689987,1560574.8738185843,3.0
periodic8b,131072,49185,0.37525177001953125,0.002572,0.00032099844236382213,0.003306,0.00043765029164594165,50961119.7511664,6360202.201104443,39646702.96430732,5248454.662773478,3.0
periodic8b,262144,98337,0.3751258850097656,0.004007,0.00048325401648040603,0.005057,0.0003548098082071573,65421512.35338158,7889994.661590753,51837848.526794545,3637053.0143689234,3.0
periodic8b,524288,196641,0.3750629425048828,0.00691,0.0009566724738499704,0.009354,0.0006841409861197389,75873806.0781476,10504541.49944926,56049604.44729528,4099404.710091287,3.0
periodic8b,1048576,393249,0.3750314712524414,0.011563,0.0008636106375753675,0.017449,0.0008193147543323415,90683732.59534723,6772934.024421168,60093758.95466789,2821691.9797610566,3.0
periodic8b,2097152,786465,0.3750157356262207,0.021789,0.0009045864616865907,0.034099,0.002540658051240531,96248198.63233742,3995815.20237433,61501862.22469868,4582398.3526633205,3.0
periodic8b,4194304,1572897,0.37500786781311035,0.043373,0.002992297705034638,0.070772,0.004419717939718174,96703110.2298665,6671535.167282437,59265020.06443226,3701105.979434364,3.0
periodic8b,8388608,3145761,0.3750039339065552,0.08653,0.0065315286623168585,0.135193,0.013180950943607129,96944504.7960245,7317644.8830388095,62049129.76263563,6049621.914557804,3.0
periodic8b,16777216,6291489,0.3750019669532776,0.173206,0.009106849924949652,0.274149,0.022054883787698567,96862787.66324492,5092865.55062432,61197436.430554196,4923243.741837262,3.0
periodic8b,33554432,12582945,0.3750009834766388,0.357405,0.033483871822449426,0.552407,0.04890711514925228,93883499.11165206,8795576.588177565,60742228.103554085,5377786.929352213,3.0
periodic8b,67108864,25165857,0.3750004917383194,0.708795,0.05675536005034632,1.123241,0.09354641396416843,94680216.4236486,7581331.376165025,59745739.33821861,4975779.609832887,3.0
periodic8b,134217728,50331681,0.3750002458691597,1.401595,0.11146122846084196,2.283157,0.20438216567390502,95760706.90891449,7615328.272679515,58786026.54131976,5262369.349054223,3.0
periodic16b,1,17,17.0,0.001164,0.00014112248423109466,0.001198,8.586811592979864e-05,859.106529209622,104.15742922784821,834.7245409015025,59.82990287777809,-0.0
periodic16b,2,19,9.5,0.001369,0.0003454932062364693,0.001255,0.00029064105391740896,1460.9203798392987,368.6910636134988,1593.6254980079682,369.06214684517255,1.0
periodic16b,4,24,6.0,0.001212,0.00019435362958620901,0.001169,0.00010418466511173532,3300.3300330033003,529.2335979757132,3421.7279726261763,304.9543053306375,2.0
periodic16b,8,36,4.5,0.001535,0.0003409545424246464,0.001133,9.274217547109355e-05,5211.726384364822,1157.6298271163287,7060.900264783761,577.9728608477197,3.0
periodic16b,16,62,3.875,0.001215,0.00021588319887280613,0.001245,0.00026026695696705117,13168.724279835391,2339.840594736506,12851.40562248996,2686.5833205740673,4.0
periodic16b,32,70,2.1875,0.00142,0.0003663331816802841,0.001178,0.0001543300935585078,22535.211267605635,5813.658903872788,27164.685908319185,3558.852731509659,4.0
periodic16b,64,86,1.34375,0.001198,0.0001180207138128256,0.001255,0.00019397880754808697,53422.37061769616,5262.893417256946,50996.01593625498,7882.188335472494,4.0
periodic16b,128,118,0.921875,0.001529,0.0004965984293168877,0.001174,9.118966803073445e-05,83714.84630477436,27189.444856413083,109028.96081771722,8468.751910309698,4.0
periodic16b,256,182,0.7109375,0.0012000000000000001,0.00010883218478209673,0.001253,0.00012419071355513397,213333.3333333333,19347.943961261637,204309.6568236233,20250.08943905054,4.0
periodic16b,512,310,0.60546875,0.001258,0.00014942854107863356,0.001238,0.00016081735671942324,406995.2305246423,48343.96146523009,413570.2746365105,53723.16509270561,4.0
periodic16b,1024,566,0.552734375,0.00142,0.00023772065772900567,0.001305,0.00023075961518428655,721126.7605633803,120723.04776557321,784674.3295019157,138751.83626118785,4.0
periodic16b,2048,1078,0.5263671875,0.001562,0.0006622654721148881,0.001195,0.00011286668635558009,1311139.5646606914,555904.2655560318,1713807.531380753,161867.59591479698,4.0
periodic16b,4096,2102,0.51318359375,0.001361,0.00019924580017879643,0.001303,0.00016852629204700112,3009551.800146951,440588.21204982843,3143514.9654643135,406573.2318679644,4.0
periodic16b,8192,4150,0.506591796875,0.001391,0.0002691736325208033,0.001397,0.00020596925336887866,5889288.281811646,1139641.3513856514,5863994.273443093,864568.7346173613,4.0
periodic16b,16384,8246,0.5032958984375,0.001545,0.000561728483245143,0.001824,0.0005160146423417761,10604530.74433657,3855577.327212083,8982456.140350876,2541161.6735821534,4.0
periodic16b,32768,16438,0.50164794921875,0.001721,0.000291526633050529,0.001841,0.0003162084403961693,19040092.96920395,3225272.6300296783,17799022.27050516,3057143.4398333086,4.0
periodic16b,65536,32822,0.500823974609375,0.001951,0.00016973508771023156,0.002665,0.0003294524076234515,33590978.98513582,2922382.2472140305,24591369.606003754,3040032.2414469435,4.0
periodic16b,131072,65590,0.5004119873046875,0.002621,0.0003242238595648246,0.003837,0.0002280375212790894,50008393.74284624,6186155.829814205,34160020.8496221,2030171.092361177,4.0
periodic16b,262144,131126,0.5002059936523438,0.0043029999999999995,0.0006184757248447366,0.006569,0.0004892954117912817,60921217.75505462,8756284.98942167,39906226.21403562,2972436.1985739986,4.0
periodic16b,524288,262198,0.5001029968261719,0.007175,0.0006191436738664856,0.01175,0.0004848596589621461,73071498.25783972,6305471.203663747,44620255.319148935,1841239.3001571437,4.0
periodic16b,1048576,524342,0.5000514984130859,0.01282,0.0007008883252305208,0.022861,0.0013317194399221877,81792199.68798752,4471700.300798276,45867459.866147585,2671912.338200406,4.0
periodic16b,2097152,1048630,0.500025749206543,0.024841,0.0014337941119824552,0.045462999999999996,0.002881458157098782,84423010.34579928,4872799.611514871,46128764.049886726,2923654.476132925,4.0
periodic16b,4194304,2097206,0.5000128746032715,0.050338,0.0048705801616553985,0.092894,0.005743185720679963,83322817.7519965,8062109.403554024,45151506.01761147,2791498.7472553835,4.0
periodic16b,8388608,4194358,0.5000064373016357,0.102566,0.010138825485342088,0.176286,0.01182728126926143,81787414.93282373,8084826.61799389,47585219.47290199,3192560.810078781,4.0
periodic16b,16777216,8388662,0.5000032186508179,0.204469,0.022915934994380365,0.360836,0.033925260729367385,82052614.33273503,9196075.572179247,46495405.114788994,4371428.408575581,4.0
periodic16b,33554432,16777270,0.5000016093254089,0.396245,0.025482540537046575,0.763885,0.049690899066126795,84681023.10439248,5445841.850310436,43926025.51431171,2857398.299754248,4.0
periodic16b,67108864,33554486,0.5000008046627045,0.79852,0.07025757831800858,1.417854,0.09295375567094283,84041556.88022842,7394374.924209814,47331293.631079085,3103014.4879324515,4.0
periodic16b,134217728,67108918,0.5000004023313522,1.526324,0.10209376019674812,2.893863,0.27845990395786296,87935279.79642592,5881872.635410475,46380125.11304094,4462894.4716909705,4.0
periodic32b,1,17,17.0,0.001145,0.00016913176979963153,0.001582,0.000419385794280689,873.3624454148472,129.0072804100849,632.1112515802781,167.57173155357484,-0.0
periodic32b,2,19,9.5,0.001189,0.00022902935280099895,0.001215,0.00021376258897301103,1682.0857863751053,324.0092674594195,1646.0905349794239,289.60705715322666,1.0
periodic32b,4,24,6.0,0.001185,0.0001251887463880928,0.0014680000000000001,0.0005801685578825826,3375.527426160337,356.6059467338718,2724.7956403269754,1076.8670007992162,2.0
periodic32b,8,36,4.5,0.001203,0.00018288126081027426,0.001154,9.082339395160747e-05,6650.041562759767,1010.9459563077579,6932.409012131715,545.6021791529572,3.0
periodic32b,16,62,3.875,0.001209,0.00014263005760825216,0.001292,0.00018443908961437045,13234.077750206783,1561.2715234938642,12383.90092879257,1767.8602269203236,4.0
periodic32b,32,118,3.6875,0.001359,0.00027874520424374816,0.00121,9.533566430716725e-05,23546.7255334805,4829.681249522812,26446.280991735537,2083.697327934808,5.0
periodic32b,64,138,2.15625,0.00125,0.00017333333333333328,0.001411,0.00044583130840661643,51200.0,7099.733333333332,45357.90219702339,14331.660441586308,5.0
periodic32b,128,178,1.390625,0.001216,0.00020683863812697616,0.001273,0.0003902719849313069,105263.15789473684,17905.006763069265,100549.88216810684,30826.238883233367,5.0
periodic32b,256,258,1.0078125,0.001244,0.00015450278674221735,0.001194,0.0001517454008089427,205787.7813504823,25558.509402047923,214405.36013400336,27248.766590552805,5.0
periodic32b,512,418,0.81640625,0.001522,0.0006139815415249333,0.001228,0.0001146782939841324,336399.4743758213,135705.03800620502,416938.11074918567,38936.27950951455,5.0
periodic32b,1024,738,0.720703125,0.001246,0.00012321616055624448,0.001448,0.0004490186831054781,821829.8555377207,81270.24031288203,707182.3204419889,219294.2501659793,5.0
periodic32b,2048,1378,0.6728515625,0.0014299999999999998,0.0002730079363925769,0.00135,0.00046861498055439924,1432167.8321678324,273421.80729228695,1517037.0370370368,526597.2456380848,5.0
periodic32b,4096,2658,0.64892578125,0.001404,0.00033223820102785024,0.001333,0.00018397161616824363,2917378.9173789173,690359.4894775988,3072768.192048012,424082.61845569743,5.0
periodic32b,8192,5218,0.636962890625,0.001459,0.0003301329698436341,0.00138,0.0001309792180292567,5614804.660726525,1270481.2458790445,5936231.884057972,563422.4711697496,5.0
periodic32b,16384,10338,0.6309814453125,0.001465,0.0002266298989787339,0.0016229999999999999,0.0002651226131434284,11183617.747440273,1730062.9080676893,10094886.013555145,1649034.2324699857,5.0
periodic32b,32768,20578,0.62799072265625,0.001903,0.00047872631940273436,0.002215,0.0003181282061615341,17219127.693116132,4331712.886942293,14793679.458239278,2124734.4056787346,5.0
periodic32b,65536,41058,0.626495361328125,0.002131,0.00035601029947648054,0.002884,0.0002629406354631741,30753636.790239323,5137781.062263731,22723994.452149794,2071796.6510089838,5.0
periodic32b,131072,82018,0.6257476806640625,0.0029519999999999998,0.0004765337810107951,0.0044,0.00029321967494998994,44401084.01084011,7167552.996159757,29789090.909090906,1985169.8985043943,5.0
periodic32b,262144,163938,0.6253738403320312,0.0044989999999999995,0.0003482160887214208,0.007538,0.00034129817527265557,58267170.48232941,4509794.666863964,34776333.244892545,1574568.7289938463,5.0
periodic32b,524288,327778,0.6251869201660156,0.007864,0.0003790397223393758,0.014270999999999999,0.0004158378423269236,66669379.45066124,3213421.0421562977,36738000.14014435,1070496.1607234143,5.0
periodic32b,1048576,655458,0.6250934600830078,0.014026,0.0003617304091293526,0.02781,0.0027313651450429606,74759446.74176529,1928045.4339214892,37704998.20208558,3703204.526540239,5.0
periodic32b,2097152,1310818,0.6250467300415039,0.028647,0.002920563301830659,0.054751,0.003449552144844314,73206688.30942158,7463426.094357253,38303446.51239247,2413284.434471569,5.0
periodic32b,4194304,2621538,0.625023365020752,0.057461,0.002770348754619573,0.109815,0.010153081907589552,72993926.3152399,3519232.7467711624,38194272.18503848,3531298.765154715,5.0
periodic32b,8388608,5242978,0.625011682510376,0.111227,0.008024300661809172,0.218169,0.01717336079837348,75418810.18098123,5440973.940213329,38450045.60684607,3026628.4665570394,5.0
periodic32b,16777216,10485858,0.625005841255188,0.224889,0.019281419063728458,0.434148,0.028350435936291662,74602208.20049001,6396206.303523816,38644001.58471305,2523504.1765696513,5.0
periodic32b,33554432,20971618,0.625002920627594,0.433391,0.02312151400752122,0.886578,0.06726977079061754,77423001.40058284,4130535.7319093174,37847129.07380964,2871679.308394852,5.0
periodic32b,67108864,41943138,0.625001460313797,0.903952,0.07729286625124811,1.874341,0.14821998579064083,74239410.94217393,6347877.83037694,35803978.03814781,2831323.1776195923,5.0
periodic32b,134217728,83886178,0.6250007301568985,1.913639,0.11604429244904717,3.495035,0.30296333145375137,70137433.44486603,4253178.806609614,38402398.831485234,3328870.4364340887,5.0
random,1,17,17.0,0.001342,0.00036352594283092245,0.001349,0.00029152663305052895,745.1564828614008,201.85075483514518,741.2898443291327,160.19698475301914,-0.0
random,2,19,9.5,0.001267,0.00024101867147588378,0.001164,0.00010689558768567887,1578.531965272297,300.28072387698893,1718.213058419244,157.79157615887692,1.0
random,4,24,6.0,0.0014240000000000001,0.000609867016469802,0.0014449999999999999,0.0006237565408252022,2808.9887640449438,1203.0264022649483,2768.166089965398,1194.921594952555,2.0
random,8,36,4.5,0.001274,0.00025552560210932544,0.001153,9.019115502334163e-05,6279.434850863422,1259.4633996649593,6938.421509106679,542.7443624849337,3.0
random,16,62,3.875,0.00126,0.0002245489305746572,0.001178,0.00017731328207441202,12698.412698412698,2263.0277709716015,13582.342954159592,2044.4225869798834,4.0
random,32,118,3.6875,0.001272,0.00015774804101618644,0.001198,0.0001268244631151437,25157.23270440252,3119.893220525028,26711.18530884808,2827.7393455457186,5.0
random,64,220,3.4375,0.001558,0.0004708337758110015,0.001296,0.0002589809087772902,41078.30551989731,12414.026759853117,49382.71604938271,9868.194969413587,5.800704882778696
random,128,407,3.1796875,0.001342,0.00019837114485506986,0.001248,0.00017145132124179028,95380.0298062593,14098.841809968959,102564.10256410256,14090.34526970663,6.572227441389348
random,256,734,2.8671875,0.0015279999999999998,0.00047522626190058133,0.001456,0.00043213166717769925,167539.26701570684,52106.71438837548,175824.17582417582,52183.51251994919,7.217563427641413
random,512,1157,2.259765625,0.001607,0.00022764738815398986,0.001351,0.0002889232885502079,318606.0983198507,45133.69392187138,378978.5344189489,81047.90855237666,7.55376422988615
random,1024,1773,1.7314453125,0.001738,0.00035115049005613917,0.001402,0.00011735984548955978,589182.9689298044,119040.21189437965,730385.1640513552,61139.72182662897,7.805971283331222
random,2048,2818,1.3759765625,0.001804,0.00035675076890051837,0.001412,0.0001156431292093626,1135254.9889135254,224502.82161477252,1450424.9291784703,118790.13986789407,7.905138103491667
random,4096,4870,1.18896484375,0.001938,0.00047772144370729043,0.001746,0.00038271544404571805,2113519.091847265,520987.3023014432,2345933.562428408,514218.2159487637,7.954032600248296
random,8192,8973,1.0953369140625,0.001923,0.0003014796842243271,0.002052,0.00012656135973423244,4260010.400416017,667866.1416067446,3992202.729044834,246227.39070303497,7.9800348062495825
random,16384,17166,1.0477294921875,0.002187,0.00020976441812450253,0.002689,0.00023713334270452607,7491540.923639689,718545.3693201543,6092971.364819636,537317.466248657,7.98847519173192
random,32768,33550,1.02386474609375,0.001741,0.00026539069731665836,0.004288,0.0005403250050766771,18821367.030442275,2869049.810833911,7641791.044776119,962931.6196510172,7.994211553507346
random,65536,66318,1.011932373046875,0.002011,0.00025106218795792855,0.006945,0.0002620538536679477,32588761.81004475,4068526.028279273,9436429.085673146,356062.2903909224,7.997262591063568
random,131072,131854,1.0059661865234375,0.002521,0.000591466163209885,0.012591,0.0003179255678089864,51992066.64022214,12198154.76915702,10409975.37923914,262854.20803130587,7.998598976169453
random,262144,262926,1.0029830932617188,0.003548,0.00047264739029804825,0.024161000000000002,0.0008787295121683096,73885005.63697858,9842602.902050314,10849882.041306237,394607.4894764592,7.999336287781486
random,524288,525070,1.0014915466308594,0.005509,0.00044008711258870835,0.046814,0.002260148471032624,95169359.23035033,7602615.4493741905,11199384.799418977,540698.7745313968,7.999630519349953
random,1048576,1049358,1.0007457733154297,0.009373,0.0007540711725913767,0.095281,0.005174749484006182,111871972.68750668,9000259.215254309,11005090.206861809,597690.8813866314,7.999810125676061
random,2097152,2097934,1.0003728866577148,0.017988,0.0016530160985974162,0.188577,0.012498118125008518,116586168.55681565,10713743.245397385,11120932.03306872,737050.2352327378,7.999895125781298
random,4194304,4195086,1.0001864433288574,0.036617000000000004,0.0031909039123385993,0.401322,0.024879539027526664,114545265.86011961,9981782.695822177,10451218.722123383,647912.4096916841,7.999962506507319
random,8388608,8389390,1.0000932216644287,0.073556,0.006406550814075647,0.787327,0.03905988537560698,114043830.5508728,9932943.545815425,10654541.25160194,528579.8150161849,7.999980216514738
random,16777216,16777998,1.0000466108322144,0.137772,0.009786647138945096,1.509696,0.10892772080604646,121775222.8319252,8650314.549563497,11112976.387299165,801824.466144118,7.999988924577561
random,33554432,33555214,1.0000233054161072,0.285172,0.02510042620266746,3.031395,0.21711477037886354,117663837.96445654,10356600.513197172,11068973.855271254,792782.7673123635,7.999994079142531
random,67108864,67109646,1.0000116527080536,0.612887,0.05843335844266433,6.165866,0.4006744367577136,109496308.45490278,10439505.227054695,10883931.632636843,707266.9397317796,7.999997464576286
random,134217728,134218510,1.0000058263540268,1.231122,0.11312921508905943,12.424767,0.7739411327750398,109020655.95448704,10018033.335953312,10802434.20258907,672885.709927568,7.999998585663764
text,1,17,17.0,0.001324,0.00034932315506800674,0.001516,0.0004532647006870145,755.2870090634441,199.2743511993357,659.6306068601583,197.22115407814206,-0.0
text,2,19,9.5,0.001363,0.0003132996435789015,0.001349,0.0002505748945480728,1467.3514306676448,337.28589892381825,1482.5796886582655,275.38713798714565,1.0
text,4,24,6.0,0.001451,0.0006609160309751913,0.0012129999999999999,0.0001517344171021635,2756.7195037904894,1255.6582446292962,3297.6092333058536,412.4986107554626,2.0
text,8,34,4.25,0.00142,0.00030659419433511786,0.001217,0.0001774542194482848,5633.802816901409,1216.4022786554963,6573.54149548069,958.5067174128485,2.75
text,16,54,3.375,0.001348,0.00046839679285361847,0.001239,0.00021834987214712688,11869.436201780416,4124.336683898057,12913.6400322841,2275.7801856362003,3.625
text,32,76,2.375,0.001395,0.0003672192805395708,0.001196,8.289216555930428e-05,22939.068100358425,6038.471744847197,26755.852842809363,1854.3901200054647,3.9261085007312415
text,64,146,2.28125,0.001322,0.00021622005251851903,0.001232,0.0001312165301239816,48411.497730711046,7917.955054337751,51948.05194805195,5532.8272104900325,4.768843945008262
text,128,222,1.734375,0.001295,0.0002046270319928973,0.001284,0.00015334782540210847,98841.69884169885,15618.288394681567,99688.47352024922,11905.771520238233,4.813582736390921
text,256,299,1.16796875,0.001382,0.0003905779193849944,0.001302,0.00015200877167672485,185238.78437047757,52351.79376904974,196620.58371735792,22955.494176064687,4.794291970331817
text,512,448,0.875,0.0014529999999999999,0.0003564968443058086,0.001252,0.00010809460876678562,352374.39779766,86455.85741846214,408945.6869009584,35307.367438037945,4.698566247983969
text,1024,757,0.7392578125,0.001418,0.0002975753872737312,0.001222,0.00012136263382478517,722143.8645980253,151546.00858611162,837970.5400981996,83222.84109156732,4.741999844280187
text,2048,1361,0.66455078125,0.001258,0.00010538817137927133,0.001346,0.0002653802303613942,1627980.922098569,136383.09413379026,1521545.3194650817,299991.11989966163,4.712551406880368
text,4096,2579,0.629638671875,0.001312,0.00010496560283148842,0.001274,0.0001459223537821856,3121951.219512195,249769.42970015088,3215070.643642072,368250.1380661363,4.714186624762278
text,8192,5013,0.6119384765625,0.001415,0.00019277217411003882,0.001599,0.00044690167946776735,5789399.293286219,788717.3770727256,5123202.001250782,1431874.6582936845,4.714380441917507
text,16384,9881,0.60308837890625,0.001644,0.00035046635596968034,0.001905,0.0003472831057733093,9965936.739659367,2124528.9130004714,8600524.934383202,1567882.945140885,4.714426073914616
text,32768,19616,0.5986328125,0.001832,0.0003248863048992848,0.002116,0.00010156552345927016,17886462.88209607,3171979.7125995653,15485822.306238186,743301.3462808713,4.713728038847009
text,65536,39085,0.5963897705078125,0.0022259999999999997,0.00039112941876343467,0.003135,0.0004513498273697096,29441150.044923633,5173090.702964084,20904625.19936204,3009664.744803999,4.713325566753932
text,131072,78023,0.5952682495117188,0.00301,0.0004906231864793092,0.004633,0.0007135988602382529,43545514.95016611,7097820.3660242185,28290956.18389812,4357520.847804889,4.713162892954133
text,262144,155896,0.594696044921875,0.004688,0.0005076043953929304,0.008553,0.001971733867550194,55918088.73720136,6054664.595771187,30649362.796679527,7065636.226475617,4.7129992690067475
text,524288,311648,0.59442138671875,0.007964,0.0008870325059808502,0.01538,0.0010764757312638313,65832245.10296333,7332413.5293856235,34088946.6840052,2385950.8328789505,4.712993650018693
text,1048576,623154,0.5942859649658203,0.016458,0.004678251810238521,0.028402,0.002237284067792912,63712237.20986754,18110456.256009772,36919090.20491514,2908192.814339342,4.713023332321161
text,2097152,1246158,0.5942144393920898,0.030535,0.003956351433665451,0.05367,0.004440583044801411,68680268.54429343,8898748.286220517,39074939.44475498,3233007.5195643906,4.713002326999264
text,4194304,2492172,0.5941801071166992,0.061177999999999996,0.004698289996252773,0.115142,0.007896719149959259,68559024.48592632,5265130.9113582745,36427228.98681628,2498268.1968364553,4.713001996708383
text,8388608,4984203,0.5941632986068726,0.113754,0.014529797888018493,0.215621,0.019006056607770536,73743411.22070433,9419245.570352418,38904410.98037761,3429255.208838779,4.713006810667304
text,16777216,9968254,0.5941542387008667,0.220175,0.015863798235115207,0.438609,0.04655795944602575,76199459.5208357,5490236.636599823,38250961.562576234,4060305.9152956596,4.713003409379834
text,33554432,19936363,0.5941499173641205,0.464424,0.040003677942020394,0.874578,0.08003547502340581,72249565.05262433,6223296.668165804,38366425.86481709,3511036.3158470932,4.713003400531882
text,67108864,39872581,0.5941477566957474,0.929223,0.07287347757891374,1.886453,0.15322534494803539,72220407.80307849,5663820.491720122,35574098.055981256,2889472.1712350976,4.713003289601299
text,134217728,79745013,0.5941466465592384,2.030397,0.13320706705059696,3.4867,0.262984960913484,66104179.62595493,4336858.20445917,38494200.24665156,2903431.82587016,4.713002910743838
